Scientific_Name,No_of_plants,Habit,Family,Species_distribution,Conservation_status ,Endemic
Acacia catechu (L.f.) Willd.,112,Tree,Fabaceae,N,NE,Non Endemic
Acacia ferruginea DC.,61,Tree,Fabaceae,N,VU,Non Endemic
Acacia nilotica subsp. indica (Benth.) Brenan,6,Tree,Fabaceae,N,NE,Non Endemic
Acalypha fruticosa Forssk.,55,Shrub,Euphorbiaceae,N,LC,Non Endemic
Acrocarpus fraxinifolius Arn.,51,Tree,Fabaceae,N,NE,Non Endemic
Actinodaphne wightiana (Kuntze) Noltie,48,Tree,Lauraceae,N,NE,Endemic
Adansonia digitata L.,50,Tree,Malvaceae,E,NE,Non Endemic
Adenanthera pavonina L.,713,Tree,Fabaceae,N,LC,Non Endemic
Aegle marmelos (L.) Correa,257,Tree,Rutaceae,N,NT,Non Endemic
Aglaia edulis (Roxb.) Wall.,50,Tree,Meliaceae,N,NT,Endemic
Aglaia elaeagnoidea (A. Juss.) Benth.,2280,Tree,Meliaceae,N,LC,Non Endemic
Aglaia lawii (Wight) C.J.Saldanha,52,Tree,Meliaceae,N,LC,Non Endemic
Aglaia malabarica Sasidh.,56,Tree,Meliaceae,N,CR,Endemic
Aglaia perviridis Hiern,10,Tree,Meliaceae,N,VU,Non Endemic
Ailanthus excelsa Roxb.,51,Tree,Simaroubaceae,N,NE,Non Endemic
Ailanthus triphysa (Dennst.) Alston,246,Tree,Simaroubaceae,N,NE,Non Endemic
Alangium salviifolium (L.f.) Wangerin,143,Tree,Cornaceae,N,LC,Non Endemic
Albizia amara (Roxb.) B.Boivin,86,Tree,Fabaceae,N,LC,Non Endemic
Albizia chinensis (Osbeck)Merr.,32,Tree,Fabaceae,N,NE,Non Endemic
Albizia julibrissin Durazz.,1,Tree,Fabaceae,N,NE,Non Endemic
Albizia lebbeck (L.)Benth.,93,Tree,Fabaceae,N,NE,Non Endemic
Albizia odoratissima (L.f.)Benth.,89,Tree,Fabaceae,N,LC,Non Endemic
Albizia procera (Roxb.)Benth.,132,Tree,Fabaceae,N,LC,Non Endemic
Albizia saman (Jacq.) Merr.,1766,Tree,Fabaceae,E,NE,Non Endemic
Alstonia macrophylla Wall. ex G.Don,1,Tree,Apocynaceae,E,LC,Non Endemic
Alstonia scholaris (L). R.Br.,1589,Tree,Apocynaceae,N,LC,Non Endemic
Alstonia venenata R.Br.,55,Tree,Apocynaceae,N,NE,Non Endemic
Anacardium occidentale L.,3501,Tree,Anacardiaceae,E,NE,Non Endemic
Annona glabra L.,50,Tree,Annonaceae,E,LC,Non Endemic
Annona muricata L.,1062,Tree,Annonaceae,E,LC,Non Endemic
Annona reticulata L.,576,Tree,Annonaceae,E,LC,Non Endemic
Annona squamosa L.,1135,Tree,Annonaceae,E,LC,Non Endemic
Antiaris toxicaria Lesch.,4,Tree,Moraceae,N,LC,Non Endemic
Antidesma acidum Retz.,4,Shrub,Phyllanthaceae,N,LC,Non Endemic
Antidesma ghaesembilla Gaertn.,1350,Tree,Phyllanthaceae,N,LC,Non Endemic
Antidesma montanum Blume,17912,Tree,Phyllanthaceae,N,LC,Non Endemic
Aphanamixis polystachya (Wall.) R. N. Parker,338,Tree,Meliaceae,N,LC,Non Endemic
Aphananthe cuspidata (Blume) Planch.,58,Tree,Cannabaceae,N,NE,Non Endemic
Aporosa cardiosperma (Gaertn.) Merr.,44408,Tree,Phyllanthaceae,N,VU,Non Endemic
Aquilaria malaccensis Lam.,223,Tree,Thymelaeaceae,N,CR,Non Endemic
Araucaria columnaris (J.R. Forst.) Hooker,2,Tree,Araucariaceae,E,LC,Non Endemic
Archidendron bigeminum (L.) I.C.Nielsen,45,Tree,Fabaceae,N,NE,Non Endemic
Ardisia elliptica Thunb.,399,Shrub,Primulaceae,N,NE,Non Endemic
Ardisia solanacea (Poir.) Roxb.,10,Shrub,Primulaceae,N,NE,Non Endemic
Artocarpus altilis (Parkinson) Fosberg,83,Tree,Moraceae,E,NE,Non Endemic
Artocarpus heterophyllus Lam.,5619,Tree,Moraceae,N,NE,Non Endemic
Artocarpus hirsutus Lam.,2604,Tree,Moraceae,N,LC,Endemic
Artocarpus lacucha Buch.-Ham.,455,Tree,Moraceae,N,NE,Non Endemic
Averrhoa bilimbi  L.,482,Tree,Oxalidaceae,E,NE,Non Endemic
Averrhoa carambola L.,881,Tree,Oxalidaceae,E,NE,Non Endemic
Azadirachta indica A.Juss.,194,Tree,Meliaceae,N,LC,Non Endemic
Baccaurea courtallensis (Wight) Müll.Arg.,39,Tree,Phyllanthaceae,N,NE,Endemic
Baliospermum solanifolium (Burm.) Suresh,47,Shrub,Euphorbiaceae,N,LC,Non Endemic
Barleria cristata L.,43,Shrub,Acanthaceae,N,NE,Non Endemic
Barleria grandiflora Dalzell,10,Shrub,Acanthaceae,N,NE,Endemic
Barringtonia acutangula (L.) Gaertn.,45,Tree,Lecythidaceae,N,LC,Non Endemic
Barringtonia racemosa (L.) Spreng.,39,Tree,Lecythidaceae,N,LC,Non Endemic
Bauhinia acuminata L.,28,Shrub,Fabaceae,N,LC,Non Endemic
Bauhinia malabarica Roxb.,37,Tree,Fabaceae,N,LC,Non Endemic
Bauhinia purpurea L.,1193,Tree,Fabaceae,N,LC,Non Endemic
Bauhinia racemosa Lam.,31,Tree,Fabaceae,N,NE,Non Endemic
Bauhinia tomentosa L.,12,Tree,Fabaceae,N,LC,Non Endemic
Bauhinia variegata L.,449,Tree,Fabaceae,N,LC,Non Endemic
Beilschmiedia dalzellii (Meisn.) Kosterm.,30,Tree,Lauraceae,N,VU,Endemic
Berrya cordifolia (Willd.) Burret,70,Tree,Malvaceae,N,NE,Non Endemic
Bixa orellana L.,63,Tree,Bixaceae,E,LC,Non Endemic
Blepharistemma serratum (Dennst.) Suresh,10,Tree,Rhizophoraceae,N,NE,Endemic
Bombax ceiba L.,59,Tree,Malvaceae,N,LC,Non Endemic
Boswellia serrata Roxb. ex Colebr.,1,Tree,Burseraceae,N,NE,Non Endemic
Breynia vitis-idaea (Burm.f.) C.E.C.Fisch.,2740,Shrub,Phyllanthaceae,N,LC,Non Endemic
Bridelia retusa (L.) A.Juss.,2078,Tree,Phyllanthaceae,N,LC,Non Endemic
Buchanania axillaris (Desr.) Ramamoorthy,60,Tree,Anacardiaceae,N,NE,Non Endemic
Buddleja asiatica Lour.,40,Shrub,Scrophulariaceae,N,LC,Non Endemic
Bursera linanoe (La Llave) Rzed.,14,Tree,Burseraceae,E,VU,Non Endemic
Butea monosperma (Lam.) Taub.,775,Tree,Fabaceae,N,LC,Non Endemic
Caesalpinia pulcherrima (L.) Sw.,8908,Shrub,Fabaceae,E,LC,Non Endemic
Caesalpinia sappan L.,88,Tree,Fabaceae,N,LC,Non Endemic
Callicarpa tomentosa (L.) L.,15,Tree,Lamiaceae,N,NE,Non Endemic
Calophyllum apetalum Willd.,660,Tree,Clusiaceae,N,VU,Endemic
Calophyllum inophyllum L.,1058,Tree,Clusiaceae,N,LC,Non Endemic
Calotropis gigantea (L.) Dryand.,107,Shrub,Apocynaceae,N,NE,Non Endemic
Cananga odorata (Lam.) Hook.f. & Thomson,50,Tree,Annonaceae,E,LC,Non Endemic
Canarium strictum Roxb.,114,Tree,Burseraceae,N,NE,Non Endemic
Canthium coromandelicum (Burm.f.) Alston,25,Shrub,Rubiaceae,N,NE,Non Endemic
Carallia brachiata (Lour.) Merr.,5173,Tree,Rhizophoraceae,N,NE,Non Endemic
Careya arborea Roxb.,2021,Tree,Lecythidaceae,N,NE,Non Endemic
Carica papaya L.,249,Tree,Caricaceae,E,DD,Non Endemic
Carissa spinarum L.,23,Shrub,Apocynaceae,N,LC,Non Endemic
Cascabela thevetia (L.) Lippold,1861,Shrub,Apocynaceae,E,LC,Non Endemic
Cassia fistula L.,394,Tree,Fabaceae,N,LC,Non Endemic
Cassia grandis L.f.,2,Tree,Fabaceae,E,LC,Non Endemic
Cassia javanica L.,50,Tree,Fabaceae,E,LC,Non Endemic
Catunaregam spinosa (Thunb.) Tirveng.,44,Tree,Rubiaceae,N,NE,Non Endemic
Cedrus deodara (Roxb. ex D.Don) G.Don,14,Tree,Pinaceae,N,LC,Non Endemic
Ceiba pentandra (L.) Gaertn.,253,Tree,Malvaceae,E,LC,Non Endemic
Ceiba speciosa (A.St.-Hil.) Ravenna,1,Tree,Malvaceae,E,NE,Non Endemic
Celtis timorensis Span.,44,Tree,Cannabaceae,N,LC,Non Endemic
Chassalia curviflora (Wall.) Thwaites,23,Shrub,Rubiaceae,N,NE,Non Endemic
Chionanthus mala-elengi (Dennst.) P.S.Green,12,Tree,Oleaceae,N,NE,Non Endemic
Chrysophyllum cainito L.,86,Tree,Sapotaceae,E,NE,Non Endemic
Chukrasia tabularis A.Juss.,474,Tree,Meliaceae,N,LC,Non Endemic
Cinnamomum camphora (L.) J.Presl,30,Tree,Lauraceae,E,NE,Non Endemic
Cinnamomum iners Reinw. ex Blume,60,Tree,Lauraceae,N,LC,Non Endemic
Cinnamomum malabatrum (Burm.f.) J.Presl,255,Tree,Lauraceae,N,LC,Endemic
Cinnamomum sulphuratum Nees,56,Tree,Lauraceae,N,VU,Endemic
Cinnamomum tamala (Buch.-Ham.) T.Nees & Eberm.,50,Tree,Lauraceae,N,LC,Non Endemic
Cinnamomum verum J.Presl,1906,Tree,Lauraceae,N,NE,Non Endemic
Citharexylum spinosum L.,15,Tree,Verbenaceae,E,LC,Non Endemic
Citrus aurantiifolia (Christm.) Swingle,1802,Tree,Rutaceae,E,NE,Non Endemic
Citrus aurantium L.,181,Tree,Rutaceae,E,NE,Non Endemic
Citrus limon (L.) Burm. f.,2516,Tree,Rutaceae,N,NE,Non Endemic
Citrus maxima (Burm.) Osbeck,375,Tree,Rutaceae,N,LC,Non Endemic
Citrus reticulata Blanco,240,Tree,Rutaceae,E,NE,Non Endemic
Citrus sinensis (L.) Osbeck,66,Tree,Rutaceae,E,NE,Non Endemic
Clausena anisata (Wiild.) Hook.f.ex Benth.,30,Tree,Rutaceae,N,LC,Non Endemic
Clausena heptaphylla (Roxb.) Wight & Arn.,12,Shrub,Rutaceae,N,NE,Non Endemic
Clerodendrum chinense (Osbeck) Mabb.,11,Shrub,Lamiaceae,E,LC,Non Endemic
Clerodendrum infortunatum L.,149,Shrub,Lamiaceae,N,NE,Non Endemic
Clerodendrum paniculatum L.,4834,Shrub,Lamiaceae,E,NE,Non Endemic
Clitoria arborea Benth.,1,Tree,Fabaceae,E,LC,Non Endemic
Cochlospermum religiosum (L.) Alston,46,Tree,Bixaceae,N,NE,Non Endemic
Cola nitida (Vent.) Schott & Endl. ,20,Tree,Malvaceae,E,LC,Non Endemic
Commiphora caudata (Wight & Arn.) Engl.,50,Tree,Burseraceae,N,NE,Non Endemic
Commiphora wightii (Arn.) Bhandari,42,Shrub,Burseraceae,N,CR,Non Endemic
Cordia alliodora (Ruiz & Pav.) Oken,358,Tree,Boraginaceae,E,LC,Non Endemic
Cordia dichotoma G.Forst.,116,Tree,Boraginaceae,N,LC,Non Endemic
Cordia sebestena L.,20,Tree,Boraginaceae,E,LC,Non Endemic
Couroupita guianensis Aubl.,247,Tree,Lecythidaceae,E,LC,Non Endemic
Crateva religiosa G.Forst.,55,Tree,Capparaceae,N,LC,Non Endemic
Crescentia cujete L.,72,Tree,Bignoniaceae,E,LC,Non Endemic
Croton tiglium L.,10,Tree,Euphorbiaceae,N,LC,Non Endemic
Cullenia exarillata A.Robyns,38,Tree,Malvaceae,N,NE,Endemic
Cynometra travancorica Bedd.,3,Tree,Fabaceae,N,EN,Endemic
Dalbergia latifolia Roxb.,4322,Tree,Fabaceae,N,VU,Non Endemic
Dalbergia sissoo DC.,705,Tree,Fabaceae,N,LC,Non Endemic
Delonix regia (Hook.) Raf.,62,Tree,Fabaceae,E,LC,Non Endemic
Dendrolobium triangulare (Retz.) Schindl.,10,Shrub,Fabaceae,N,NE,Non Endemic
Dillenia indica L.,205,Tree,Dilleniaceae,N,LC,Non Endemic
Dillenia pentagyna Roxb.,84,Tree,Dilleniaceae,N,NE,Non Endemic
Dillenia suffruticosa (Griff.) Martelli,1,Shrub,Dilleniaceae,E,NE,Non Endemic
Dimocarpus longan Lour.,19,Tree,Sapindaceae,N,NT,Non Endemic
Diospyros buxifolia (Blume) Hiern,57,Tree,Ebenaceae,N,NE,Non Endemic
Diospyros candolleana Wight,10,Tree,Ebenaceae,N,VU,Endemic
Diospyros crumenata Thwaites,772,Tree,Ebenaceae,N,EN,Non Endemic
Diospyros discolor Willd.,200,Tree,Ebenaceae,E,NE,Non Endemic
Diospyros ebenum J.Koenig ex Retz.,60,Tree,Ebenaceae,N,DD,Non Endemic
Diospyros malabarica (Desr.) Kostel.,41,Tree,Ebenaceae,N,NE,Non Endemic
Diospyros melanoxylon Roxb.,36,Tree,Ebenaceae,N,NE,Non Endemic
Diospyros oocarpa Thwaites,41,Tree,Ebenaceae,N,NE,Non Endemic
Diospyros sylvatica Roxb.,294,Tree,Ebenaceae,N,NE,Non Endemic
Diospyros vera (Lour.) A.Chev.,10,Tree,Ebenaceae,N,NE,Non Endemic
Dipterocarpus bourdillonii Brandis,45,Tree,Dipterocarpaceae,N,CR,Endemic
Dipterocarpus indicus Bedd.,10,Tree,Dipterocarpaceae,N,EN,Endemic
Dysoxylum malabaricum Bedd. ex C.DC.,50,Tree,Meliaceae,N,EN,Endemic
Elaeocarpus floribundus Blume,18,Tree,Elaeocarpaceae,N,NE,Non Endemic
Elaeocarpus serratus L.,115,Tree,Elaeocarpaceae,N,NE,Non Endemic
Elaeocarpus tuberculatus Roxb.,46,Tree,Elaeocarpaceae,N,NE,Non Endemic
Elaeocarpus variabilis Zmarzty,2,Tree,Elaeocarpaceae,N,NE,Endemic
Enterolobium cyclocarpum (Jacq.) Griseb.,60,Tree,Fabaceae,E,LC,Non Endemic
Eriobotrya japonica (Thunb.) Lindl.,36,Tree,Rosaceae,E,NE,Non Endemic
Erythrina variegata L.,206,Tree,Fabaceae,N,LC,Non Endemic
Eugenia codyensis Munro ex Wight,1906,Tree,Myrtaceae,N,NE,Non Endemic
Eugenia uniflora L.,12,Shrub,Myrtaceae,E,NE,Non Endemic
Euonymus dichotomus B.Heyne ex Wall.,2,Tree,Celastraceae,N,NE,Endemic
Euonymus indicus B.Heyne ex Wall.,10,Tree,Celastraceae,N,LC,Endemic
Falconeria insignis Royle,835,Tree,Euphorbiaceae,N,NE,Non Endemic
Fernandoa adenophylla (Wall. ex G.Don) Steenis,34,Tree,Bignoniaceae,N,NE,Non Endemic
Ficus amplissima Smith,50,Tree,Moraceae,N,NE,Non Endemic
Ficus arnottiana (Miq.) Miq.,404,Tree,Moraceae,N,NE,Non Endemic
Ficus auriculata Lour.,109,Tree,Moraceae,N,LC,Non Endemic
Ficus benghalensis L.,168,Tree,Moraceae,N,NE,Non Endemic
Ficus benghalensis var. krishnae (C.DC.) Corner,50,Tree,Moraceae,N,NE,Non Endemic
Ficus benjamina L.,68,Tree,Moraceae,N,LC,Non Endemic
Ficus callosa Willd.,57,Tree,Moraceae,N,NE,Non Endemic
Ficus carica L.,160,Tree,Moraceae,E,LC,Non Endemic
Ficus drupacea Thunb.,227,Tree,Moraceae,N,LC,Non Endemic
Ficus elastica Roxb. ex Hornem.,6,Tree,Moraceae,N,NE,Non Endemic
Ficus exasperata Vahl,59,Tree,Moraceae,N,LC,Non Endemic
Ficus hispida L.f.,158,Tree,Moraceae,N,LC,Non Endemic
Ficus microcarpa L.f.,54,Tree,Moraceae,N,LC,Non Endemic
Ficus nervosa B.Heyne ex Roth,3,Tree,Moraceae,N,LC,Non Endemic
Ficus racemosa L.,516,Tree,Moraceae,N,LC,Non Endemic
Ficus religiosa L.,371,Tree,Moraceae,N,NE,Non Endemic
Ficus tsjahela Burm. f.,6,Tree,Moraceae,N,NE,Non Endemic
Ficus virens W.T.Aiton,53,Tree,Moraceae,N,LC,Non Endemic
Filicium decipiens (Wight & Arn.) Thwaites,58,Tree,Sapindaceae,N,LC,Non Endemic
Flacourtia indica (Burm.f.) Merr.,60,Tree,Salicaceae,N,LC,Non Endemic
Flacourtia inermis Roxb.,330,Shrub,Salicaceae,E,NE,Non Endemic
Flacourtia jangomas (Lour.) Raeusch.,8,Tree,Salicaceae,N,NE,Non Endemic
Flacourtia montana J.Graham,158,Tree,Salicaceae,N,NE,Endemic
Flueggea leucopyrus Willd.,381,Shrub,Phyllanthaceae,N,NE,Non Endemic
Garcinia × mangostana L.,159,Tree,Clusiaceae,E,NE,Non Endemic
Garcinia gummi-gutta (L.) Roxb.,437,Tree,Clusiaceae,N,LC,Non Endemic
Garcinia indica (Thouars) Choisy,3704,Tree,Clusiaceae,N,VU,Endemic
Garcinia intermedia (Pittier) Hammel,145,Tree,Clusiaceae,E,LC,Non Endemic
Garcinia morella (Gaertn.) Desr.,55,Tree,Clusiaceae,N,LC,Non Endemic
Garcinia xanthochymus Hook. f. ex J.Anders.,246,Tree,Clusiaceae,N,LC,Non Endemic
Gardenia jasminoides J.Ellis,106,Shrub,Rubiaceae,E,NE,Non Endemic
Gliricidia sepium (Jacq.) Walp.,898,Tree,Fabaceae,E,LC,Non Endemic
Gmelina arborea Roxb.,783,Tree,Lamiaceae,N,LC,Non Endemic
Grevillea robusta A.Cunn. ex R.Br.,89,Tree,Proteaceae,E,LC,Non Endemic
Grewia nervosa (Lour.) G. Panigrahi,23,Shrub,Malvaceae,N,NE,Non Endemic
Grewia serrulata DC.,72,Tree,Malvaceae,N,NE,Non Endemic
Grewia tiliifolia Vahl,17,Tree,Malvaceae,N,NE,Non Endemic
Guazuma ulmifolia Lam.,14,Tree,Malvaceae,E,LC,Non Endemic
Gymnacranthera canarica (King) Warb.,10,Tree,Myristicaceae,N,VU,Endemic
Haldina cordifolia (Roxb.) Ridsdale,27,Tree,Rubiaceae,N,NE,Non Endemic
Hamelia patens Jacq.,41,Shrub,Rubiaceae,E,LC,Non Endemic
Hardwickia binata Roxb.,141,Tree,Fabaceae,N,LC,Non Endemic
Helicteres isora L.,28,Shrub,Malvaceae,N,NE,Non Endemic
Heterophragma quadriloculare (Roxb.) K.Schum.,7,Tree,Bignoniaceae,N,NE,Non Endemic
Heynea trijuga Roxb. ex Sims,12,Tree,Meliaceae,N,LC,Non Endemic
Hibiscus tilliaceus L.,51,Tree,Malvaceae,N,LC,Non Endemic
Holarrhena pubescens Wall. ex G.Don,6069,Tree,Apocynaceae,N,LC,Non Endemic
Holigarna arnottiana Wall. ex Hook. f.,2595,Tree,Anacardiaceae,N,NE,Endemic
Holigarna beddomei Hook.f. ,10,Tree,Anacardiaceae,N,NE,Endemic
Holigarna ferruginea Marchand,10,Tree,Anacardiaceae,N,NE,Endemic
Holoptelea integrifolia Planch.,187,Tree,Ulmaceae,N,NE,Non Endemic
Hopea canarensis Hole,10,Tree,Dipterocarpaceae,N,EN,Endemic
Hopea parviflora Bedd.,1795,Tree,Dipterocarpaceae,N,LC,Endemic
Hopea ponga (Dennst.) Mabb.,1049,Tree,Dipterocarpaceae,N,EN,Endemic
Hydnocarpus pentandra (Buch.-Ham.) Oken,179,Tree,Achariaceae,N,NE,Endemic
Hymenodictyon orixense (Roxb.) Mabb.,48,Tree,Rubiaceae,N,NE,Non Endemic
Ixora brachiata Roxb.,23415,Tree,Rubiaceae,N,NE,Endemic
Ixora casei Hance,2886,Shrub,Rubiaceae,E,NE,Non Endemic
Ixora coccinea L.,1249,Shrub,Rubiaceae,N,NE,Non Endemic
Ixora finlaysoniana Wall. ex G.Don,122,Shrub,Rubiaceae,N,NE,Non Endemic
Ixora pavetta Andr.,9,Tree,Rubiaceae,N,NE,Non Endemic
Jacaranda mimosifolia D. Don,47,Tree,Bignoniaceae,E,VU,Non Endemic
Jatropha curcas L.,65,Shrub,Euphorbiaceae,E,LC,Non Endemic
Justicia adhatoda L.,72,Shrub,Acanthaceae,N,NE,Non Endemic
Kigelia africana (Lam.) Benth.,37,Tree,Bignoniaceae,E,LC,Non Endemic
Kingiodendron pinnatum (DC.)Harms,147,Tree,Fabaceae,N,EN,Endemic
Knema attenuate (Hook. f. & Thomson) Warb.,10,Tree,Myristicaceae,N,LC,Endemic
Kopsia arborea Blume,14,Tree,Apocynaceae,E,LC,Non Endemic
Lagerstroemia indica L.,100,Tree,Lythraceae,N,LC,Non Endemic
Lagerstroemia microcarpa Wight,43,Tree,Lythraceae,N,NE,Endemic
Lagerstroemia speciosa (L.) Pers.,3335,Tree,Lythraceae,N,NE,Non Endemic
Lannea coromandelica (Houtt.) Merr.,1026,Tree,Anacardiaceae,N,NE,Non Endemic
Lawsonia inermis L.,27,Shrub,Lythraceae,N,LC,Non Endemic
Leea indica (Burm. f.) Merr.,237,Shrub,Vitaceae,N,LC,Non Endemic
Leucaena leucocephala (Lam.) de Wit,46,Tree,Fabaceae,E,NE,Non Endemic
Limonia acidissima L.,76,Tree,Rutaceae,N,NE,Non Endemic
Litchi chinensis Sonn.,366,Tree,Sapindaceae,E,NE,Non Endemic
Litsea coriacea Hook.f,1,Tree,Lauraceae,N,NT,Non Endemic
Litsea glutinosa (Lour.) C.B.Rob,161,Tree,Lauraceae,N,LC,Non Endemic
Lonchocarpus sericeus (Poir.) DC.,25,Tree,Fabaceae,E,LC,Non Endemic
Lophopetalum wightianum Arn.,1690,Tree,Celastraceae,N,LC,Non Endemic
Loropetalum chinense (R.Br.) Oliv.,222,Shrub,Hamamelidaceae,E,NE,Non Endemic
Macaranga peltata (Roxb.) Müll.Arg.,3536,Tree,Euphorbiaceae,N,NE,Non Endemic
Madhuca bourdillonii (Gamble) H.J.Lam,76,Tree,Sapotaceae,N,EN,Endemic
Madhuca insignis (Radlk.) H.J.Lam.,10,Tree,Sapotaceae,N,CR,Endemic
Madhuca longifolia (J.Koenig ex L.) J.F.Macbr.,566,Tree,Sapotaceae,N,NE,Non Endemic
Madhuca longifolia var. latifolia (Roxb.) A.Chev.,45,Tree,Sapotaceae,N,NE,Non Endemic
Madhuca neriifolia (Moon) H.J.Lam,32,Tree,Sapotaceae,N,LC,Non Endemic
Maesa indica (Roxb.) A.DC.,18,Shrub,Primulaceae,N,LC,Non Endemic
Magnolia × alba (DC.),47,Tree,Magnoliaceae,E,NE,Non Endemic
Magnolia champaca (L.) Baill. ex Pierre,2846,Tree,Magnoliaceae,N,LC,Non Endemic
Majidea zanguebarica J.Kirk ex Oliv.,9,Tree,Sapindaceae,E,NE,Non Endemic
Mallotus nudiflorus (L.) Kulju & Welzen,48,Tree,Euphorbiaceae,N,LC,Non Endemic
Mallotus philippensis (Lam.) Müll.Arg.,6,Tree,Euphorbiaceae,N,LC,Non Endemic
Mallotus tetracoccus (Roxb.) Kurz,1,Tree,Euphorbiaceae,N,NE,Non Endemic
Malpighia glabra L.,105,Shrub,Malpighiaceae,E,LC,Non Endemic
Mammea suriga (Buch.-Ham. ex Roxb.) Kosterm.,230,Tree,Clusiaceae,N,NE,Endemic
Mangifera indica L.,16164,Tree,Anacardiaceae,N,DD,Non Endemic
Manilkara zapota (L.) P.Royen,5309,Tree,Sapotaceae,E,NE,Non Endemic
Margaritaria indica (Dalzell) Airy Shaw,2,Tree,Phyllanthaceae,N,NE,Non Endemic
Markhamia lutea (Benth.) K. Schum.,18,Tree,Bignoniaceae,E,LC,Non Endemic
Melia azedarach L.,107,Tree,Meliaceae,N,LC,Non Endemic
Melia dubia Cav.,1268,Tree,Meliaceae,N,NE,Non Endemic
Melicope lunu-ankenda (Gaertn.) T.G.Hartley,89,Tree,Rutaceae,N,LC,Non Endemic
Memecylon angustifolium Wight,10,Shrub,Melastomataceae,N,NE,Non Endemic
Memecylon edule Roxb.,116381,Tree,Melastomataceae,N,NE,Non Endemic
Memecylon randerianum S.M.Almeida & M.R.Almeida,9,Shrub,Melastomataceae,N,NE,Endemic
Memecylon talbotianum Brandis,10,Tree,Melastomataceae,N,NE,Endemic
Mesua ferrea L.,294,Tree,Calophyllaceae,N,NE,Non Endemic
Millingtonia hortensis L.f.,1022,Tree,Bignoniaceae,E,NE,Non Endemic
Mimusops elengi L.,3283,Tree,Sapotaceae,N,LC,Non Endemic
Mitragyna parvifolia (Roxb.) Korth.,34,Tree,Rubiaceae,N,NE,Non Endemic
Morinda citrifolia L.,297,Tree,Rubiaceae,E,NE,Non Endemic
Moringa oleifera Lam.,95,Tree,Moringaceae,N,LC,Non Endemic
Morus alba L.,37,Tree,Moraceae,E,NE,Non Endemic
Muntingia calabura L.,856,Tree,Muntingiaceae,E,NE,Non Endemic
Murraya koenigii (L.) Spreng.,677,Tree,Rutaceae,N,NE,Non Endemic
Murraya paniculata (L.) Jacq.,17,Tree,Rutaceae,N,NE,Non Endemic
Mussaenda erythrophylla Schumach. & Thonn.,251,Shrub,Rubiaceae,E,LC,Non Endemic
Mussaenda frondosa L.,25,Shrub,Rubiaceae,N,NE,Non Endemic
Mussaenda laxa (Hook.f.) Hutch. ex Gamble,34,Shrub,Rubiaceae,N,NE,Non Endemic
Myristica beddomei King,96,Tree,Myristicaceae,N,NE,Non Endemic
Myristica fragrans Houtt.,652,Tree,Myristicaceae,E,DD,Non Endemic
Myristica malabarica Lam.,1015,Tree,Myristicaceae,N,VU,Endemic
Neolamarckia cadamba (Roxb.) Bosser,1753,Tree,Rubiaceae,N,NE,Non Endemic
Neolitsea scrobiculata Gamble,2,Tree,Lauraceae,N,NE,Endemic
Nephelium lappaceum L.,1430,Tree,Sapindaceae,E,LC,Non Endemic
Nerium oleander L.,5577,Shrub,Apocynaceae,N,LC,Non Endemic
Nothopegia racemosa (Dalzell) Ramamoorthy,10,Tree,Anacardiaceae,N,NE,Non Endemic
Nyctanthes arbor-tristis L.,248,Tree,Oleaceae,N,NE,Non Endemic
Ochna obtusata DC.,10,Tree,Ochnaceae,N,NE,Non Endemic
Ochreinauclea missionis (Wall. ex G.Don) Ridsdale,29,Tree,Rubiaceae,N,VU,Endemic
Olea dioica Roxb.,12307,Tree,Oleaceae,N,NE,Non Endemic
Oncoba spinosa Forssk.,1,Tree,Salicaceae,E,LC,Non Endemic
Ormosia travancorica Bedd.,43,Tree,Fabaceae,N,NE,Endemic
Oroxylum indicum (L.) Kurz,201,Tree,Bignoniaceae,N,NE,Non Endemic
Pachira aquatica Aubl.,77,Tree,Malvaceae,E,LC,Non Endemic
Pajanelia longifolia (Willd.) K.Schum.,25,Tree,Bignoniaceae,N,NE,Non Endemic
Palaquium ellipticum (Dalzell) Baill.,18,Tree,Sapotaceae,N,NE,Endemic
Palaquium ravii Sasidh. & Vink,53,Tree,Sapotaceae,N,EN,Endemic
Parkia biglandulosa Wight & Arn.,127,Tree,Fabaceae,E,NE,Non Endemic
Parkia timoriana (DC.) Merr.,95,Tree,Fabaceae,N,LC,Non Endemic
Pavetta indica L.,45,Shrub,Rubiaceae,N,NE,Non Endemic
Peltophorum pterocarpum (DC.) K.Heyne,318,Tree,Fabaceae,E,NE,Non Endemic
Persea americana Mill.,97,Tree,Lauraceae,E,LC,Non Endemic
Persea macrantha (Nees) Kosterm.,951,Tree,Lauraceae,N,NE,Non Endemic
Phyllanthus acidus (L.) Skeels,97,Tree,Phyllanthaceae,E,NE,Non Endemic
Phyllanthus emblica L.,1518,Tree,Phyllanthaceae,N,LC,Non Endemic
Phyllanthus indofischeri Bennet,14,Tree,Phyllanthaceae,N,VU,Non Endemic
Pimenta dioica (L.) Merr.,173,Tree,Myrtaceae,E,LC,Non Endemic
Pinus roxburghii Sarg.,42,Tree,Pinaceae,N,LC,Non Endemic
Pisonia umbellifera (J.R. Forst. & G.Forst.) Seem.,18,Tree,Nyctaginaceae,N,LC,Non Endemic
Pithecellobium dulce (Roxb.) Benth.,96,Tree,Fabaceae,E,LC,Non Endemic
Pittosporum dasycaulon Miq.,30,Tree,Pittosporaceae,N,NE,Endemic
Pittosporum napaulense (DC.) Rehder & E.H.Wilson,57,Shrub,Pittosporaceae,N,NE,Non Endemic
Plinia cauliflora (Mart.) Kausel,5,Tree,Myrtaceae,E,LC,Non Endemic
Plumeria obtusa L.,186,Tree,Apocynaceae,E,LC,Non Endemic
Plumeria rubra L.,28,Tree,Apocynaceae,E,LC,Non Endemic
Polyalthia coffeoides (Thwaites) Hook.f. & Thomson,25,Tree,Annonaceae,N,NE,Non Endemic
Polyalthia fragrans (Dalzell) Benth. & Hook. f.,61,Tree,Annonaceae,N,NE,Endemic
Polyalthia longifolia (Sonn.) Thwaites,67,Tree,Annonaceae,N,NE,Non Endemic
Polyscias paniculata (DC.) Baker,1,Shrub,Araliaceae,E,CR,Non Endemic
Pongamia pinnata (L.) Pierre,3940,Tree,Fabaceae,N,LC,Non Endemic
Pouteria campechiana (Kunth) Baehni,123,Tree,Sapotaceae,E,LC,Non Endemic
Premna mollissima Roth,2,Tree,Lamiaceae,N,NE,Non Endemic
Premna serratifolia L.,708,Tree,Lamiaceae,N,NE,Non Endemic
Prunus persica (L.) Batsch,20,Tree,Rosaceae,E,NE,Non Endemic
Psidium cattleianum Afzel. ex Sabine,140,Tree,Myrtaceae,E,NE,Non Endemic
Psidium guajava L.,3317,Tree,Myrtaceae,E,LC,Non Endemic
Psychotria dalzellii Hook.f.,10,Shrub,Rubiaceae,N,NE,Endemic
Psychotria flavida Talbot,47,Shrub,Rubiaceae,N,NE,Endemic
Psydrax dicoccos Gaertn.,2,Tree,Rubiaceae,N,VU,Non Endemic
Psydrax umbellata (Wight) Bridson,48,Tree,Rubiaceae,N,NE,Non Endemic
Pterocarpus marsupium Roxb.,2274,Tree,Fabaceae,N,NT,Non Endemic
Pterocarpus santalinus L.f.,7495,Tree,Fabaceae,N,NT,Non Endemic
Pterospermum acerifolium (L.) Willd.,216,Tree,Malvaceae,N,LC,Non Endemic
Pterospermum diversifolium Blume,23,Tree,Malvaceae,N,LC,Non Endemic
Pterospermum reticulatum Wight & Arn.,10,Tree,Malvaceae,N,VU,Endemic
Pterospermum suberifolium (L.) Willd. ,14,Tree,Malvaceae,N,NE,Non Endemic
Pterospermum xylocarpum (Gaertn.) Santapau & Wagh,10,Tree,Malvaceae,N,NE,Non Endemic
Pterygota alata (Roxb.) R.Br.,837,Tree,Malvaceae,N,NE,Non Endemic
Punica granatum L.,250,Shrub,Lythraceae,E,LC,Non Endemic
Putranjiva roxburghii Wall.,785,Tree,Putranjivaceae,N,NE,Non Endemic
Quassia indica (Gaertn.) Noot.,52,Tree,Simaroubaceae,N,LC,Non Endemic
Rauvolfia serpentina (L.) Benth. ex Kurz,9,Shrub,Apocynaceae,N,NE,Non Endemic
Sageraea grandiflora Dunn,26,Tree,Annonaceae,N,EN,Endemic
Sambucus nigra L.,50,Shrub,Adoxaceae,E,LC,Non Endemic
Santalum album L.,14202,Tree,Santalaceae,N,VU,Non Endemic
Sapindus trifoliatus L.,815,Tree,Sapindaceae,N,NE,Non Endemic
Saraca asoca (Roxb.) Willd.,967,Tree,Fabaceae,N,VU,Non Endemic
Sauropus androgynus (L.) Merr.,22,Shrub,Phyllanthaceae,N,NE,Non Endemic
Scaevola taccada (Gaertn.) Roxb.,35,Shrub,Goodeniaceae,E,NE,Non Endemic
Schefflera actinophylla (Endl.) Harms,7,Tree,Araliaceae,E,LC,Non Endemic
Schefflera arboricola (Hayata) Merr.,7,Shrub,Araliaceae,E,NE,Non Endemic
Schleichera oleosa (Lour.) Merr.,7,Tree,Sapindaceae,N,LC,Non Endemic
Semecarpus anacardium L.f.,50,Tree,Anacardiaceae,N,NE,Non Endemic
Senna alata (L.) Roxb.,60,Shrub,Fabaceae,E,LC,Non Endemic
Senna siamea (Lam.) H.S.Irwin & Barneby,48,Tree,Fabaceae,N,LC,Non Endemic
Senna spectabilis (DC.) H.S.Irwin & Barneby,9,Tree,Fabaceae,E,LC,Non Endemic
Senna surattensis (Burm.f.) H.S.Irwin & Barneby,10,Shrub,Fabaceae,N,LC,Non Endemic
Sesbania grandiflora (L.) Pers.,14,Tree,Fabaceae,N,NE,Non Endemic
Shorea roxburghii G.Don,56,Tree,Dipterocarpaceae,N,VU,Non Endemic
Simarouba amara Aubl.,159,Tree,Simaroubaceae,E,LC,Non Endemic
Solanum diphyllum L.,23,Shrub,Solanaceae,E,NE,Non Endemic
Soymida febrifuga (Roxb.) Juss.,30,Tree,Meliaceae,N,NE,Non Endemic
Spathodea campanulata P.Beauv.,86,Tree,Bignoniaceae,E,LC,Non Endemic
Spondias dulcis Parkinson,261,Tree,Anacardiaceae,E,NE,Non Endemic
Spondias pinnata (L.f.) Kurz.,54,Tree,Anacardiaceae,N,NE,Non Endemic
Sterculia foetida L.,167,Tree,Malvaceae,N,NE,Non Endemic
Sterculia guttata Roxb. ex G.Don,54,Tree,Malvaceae,N,NE,Non Endemic
Stereospermum tetragonum DC.,67,Tree,Bignoniaceae,N,NE,Non Endemic
Strychnos nux-vomica L.,99,Tree,Loganiaceae,N,NE,Non Endemic
Strychnos potatorum L.f.,36,Tree,Loganiaceae,N,NE,Non Endemic
Swietenia macrophylla King,50,Tree,Meliaceae,E,VU,Non Endemic
Swietenia mahagoni (L.) Jacq.,997,Tree,Meliaceae,E,NT,Non Endemic
Symplocos cochinchinensis (Lour.) S.Moore,60,Tree,Symplocaceae,N,NE,Non Endemic
Symplocos racemosa Roxb.,26,Tree,Symplocaceae,N,NE,Non Endemic
Syzygium aqueum (Burm.f.) Alston,5,Tree,Myrtaceae,E,NE,Non Endemic
Syzygium aromaticum (L.) Merr. & Perry,94,Tree,Myrtaceae,E,NE,Non Endemic
Syzygium caryophyllatum (L.) Alston,81393,Tree,Myrtaceae,N,EN,Non Endemic
Syzygium chavaran (Bourd.) Gamble,58,Tree,Myrtaceae,N,EN,Endemic
Syzygium claviflorum (Roxb.) Wall. ex A.M.Cowan & Cowan,10,Tree,Myrtaceae,N,LC,Non Endemic
Syzygium cumini (L.) Skeels,6182,Tree,Myrtaceae,N,LC,Non Endemic
Syzygium gardneri Thwaites,36,Tree,Myrtaceae,N,NE,Non Endemic
Syzygium hemisphericum (Walp.) Alston,38,Tree,Myrtaceae,N,NE,Non Endemic
Syzygium jambos (L.) Alston,781,Tree,Myrtaceae,N,LC,Non Endemic
Syzygium laetum (Ham.) Gandhi,49,Tree,Myrtaceae,N,NE,Endemic
"Syzygium malaccense (L.) Merr. & L.M.Perry,",1131,Tree,Myrtaceae,E,LC,Non Endemic
Syzygium myhendrae (Bedd. ex Brandis) Gamble,31,Tree,Myrtaceae,N,EN,Endemic
Syzygium occidentale (Bourd.) D.N.Ghandhi,24,Tree,Myrtaceae,N,VU,Endemic
Syzygium samarangense (Blume) Merr. & L.M.Perry,3565,Tree,Myrtaceae,N,LC,Non Endemic
Syzygium travancoricum Gamble,637,Tree,Myrtaceae,N,CR,Endemic
Syzygium zeylanicum (L.) DC.,130,Tree,Myrtaceae,N,NE,Non Endemic
Tabebuia berteroi (A. DC.) Britton,76,Tree,Bignoniaceae,E,NE,Non Endemic
Tabebuia rosea (Bertol.) DC.,21,Tree,Bignoniaceae,E,LC,Non Endemic
Tabernaemontana alternifolia L.,4553,Tree,Apocynaceae,N,NT,Endemic
Tabernaemontana divaricata (L.) R.Br. ex Roem. & Schult.,61,Shrub,Apocynaceae,N,LC,Non Endemic
Tamarindus indica L.,921,Tree,Fabaceae,E,LC,Non Endemic
Tamilnadia uliginosa (Retz.) Tirveng. & Sastre,50,Tree,Rubiaceae,N,NE,Non Endemic
Tecoma castanifolia (D.Don) Melch.,1451,Tree,Bignoniaceae,E,NE,Non Endemic
Tecoma fulva subsp. guarume (DC.) J.R.I.Wood,440,Shrub,Bignoniaceae,E,NE,Non Endemic
Tectona grandis L.f.,475,Tree,Lamiaceae,N,NE,Non Endemic
Terminalia arjuna (Roxb. ex DC.) Wight & Arn.,2039,Tree,Combretaceae,N,NE,Non Endemic
Terminalia bellirica (Gaertn.) Roxb.,1282,Tree,Combretaceae,N,NE,Non Endemic
Terminalia catappa L.,2656,Tree,Combretaceae,E,LC,Non Endemic
Terminalia chebula Retz.,454,Tree,Combretaceae,N,NE,Non Endemic
Terminalia elliptica Willd.,383,Tree,Combretaceae,N,NE,Non Endemic
Terminalia mantaly H.Perrier,110,Tree,Combretaceae,E,LC,Non Endemic
Terminalia paniculata Roth,13931,Tree,Combretaceae,N,NE,Non Endemic
Theobroma cacao L.,24,Tree,Malvaceae,E,NE,Non Endemic
Thespesia populnea (L.) Sol. ex Correa,245,Tree,Malvaceae,N,LC,Non Endemic
Toona ciliata M.Roem.,53,Tree,Meliaceae,N,LC,Non Endemic
Trema orientalis (L.) Blume,57,Tree,Cannabaceae,N,LC,Non Endemic
Vateria indica L.,3211,Tree,Dipterocarpaceae,N,VU,Endemic
Vatica chinensis L.,63,Tree,Dipterocarpaceae,N,CR,Non Endemic
Vepris bilocularis (Wight & Arn.) Engl.,56,Tree,Rutaceae,N,NE,Endemic
Vernicia fordii (Hemsl.) Airy Shaw,17,Tree,Euphorbiaceae,E,LC,Non Endemic
Vernonia amygdalina Delile,51,Shrub,?Asteraceae,E,NE,Non Endemic
Vitex altissima L.f.,235,Tree,Lamiaceae,N,NE,Non Endemic
Vitex leucoxylon L.f.,11,Tree,Lamiaceae,N,NE,Non Endemic
Vitex negundo L.,74,Tree,Lamiaceae,N,LC,Non Endemic
Walsura trifoliata (A.Juss.) Harms.,5,Tree,Meliaceae,N,NE,Non Endemic
Wrightia arborea (Dennst.) Mabb.,1,Tree,Apocynaceae,N,NE,Non Endemic
Wrightia tinctoria R.Br.,72,Tree,Apocynaceae,N,LC,Non Endemic
Xanthophyllum arnottianum Wight,22,Tree,Polygalaceae,N,NE,Endemic
Xantolis tomentosa (Roxb.) Raf.,26,Tree,Sapotaceae,N,NE,Non Endemic
Xylia xylocarpa (Roxb.) Taub.,122,Tree,Fabaceae,N,LC,Non Endemic
Zanthoxylum rhetsa DC.,2403,Tree,Rutaceae,N,LC,Non Endemic
Ziziphus jujuba Mill.,103,Tree,Rhamnaceae,N,LC,Non Endemic
Ziziphus rugosa Lam.,10,Shrub,Rhamnaceae,N,NE,Non Endemic
